street,city,zip,rooms,sq__ft,type,sale_date,price
3526 HIGH ST,SACRAMENTO,95838,2,836,Residential,Wed May 21 00:00:00 EDT 2008,59222
51 OMAHA CT,SACRAMENTO,95823,3,1167,Residential,Wed May 21 00:00:00 EDT 2008,68212
2796 BRANCH ST,SACRAMENTO,95815,2,796,Residential,Wed May 21 00:00:00 EDT 2008,68880
2805 JANETTE WAY,SACRAMENTO,95815,2,852,Residential,Wed May 21 00:00:00 EDT 2008,69307
6001 MCMAHON DR,SACRAMENTO,95824,2,797,Residential,Wed May 21 00:00:00 EDT 2008,81900
5828 PEPPERMILL CT,SACRAMENTO,95841,3,1122,Condo,Wed May 21 00:00:00 EDT 2008,89921
6048 OGDEN NASH WAY,SACRAMENTO,95842,3,1104,Residential,Wed May 21 00:00:00 EDT 2008,90895
2561 19TH AVE,SACRAMENTO,95820,3,1177,Residential,Wed May 21 00:00:00 EDT 2008,91002
11150 TRINITY RIVER DR Unit 114,RANCHO CORDOVA,95670,2,941,Condo,Wed May 21 00:00:00 EDT 2008,94905
7325 10TH ST,RIO LINDA,95673,3,1146,Residential,Wed May 21 00:00:00 EDT 2008,98937
645 MORRISON AVE,SACRAMENTO,95838,3,909,Residential,Wed May 21 00:00:00 EDT 2008,100309
4085 FAWN CIR,SACRAMENTO,95823,3,1289,Residential,Wed May 21 00:00:00 EDT 2008,106250
2930 LA ROSA RD,SACRAMENTO,95815,1,871,Residential,Wed May 21 00:00:00 EDT 2008,106852
2113 KIRK WAY,SACRAMENTO,95822,3,1020,Residential,Wed May 21 00:00:00 EDT 2008,107502
4533 LOCH HAVEN WAY,SACRAMENTO,95842,2,1022,Residential,Wed May 21 00:00:00 EDT 2008,108750
7340 HAMDEN PL,SACRAMENTO,95842,2,1134,Condo,Wed May 21 00:00:00 EDT 2008,110700
6715 6TH ST,RIO LINDA,95673,2,844,Residential,Wed May 21 00:00:00 EDT 2008,113263
6236 LONGFORD DR Unit 1,CITRUS HEIGHTS,95621,2,795,Condo,Wed May 21 00:00:00 EDT 2008,116250
250 PERALTA AVE,SACRAMENTO,95833,2,588,Residential,Wed May 21 00:00:00 EDT 2008,120000
113 LEEWILL AVE,RIO LINDA,95673,3,1356,Residential,Wed May 21 00:00:00 EDT 2008,121630
6118 STONEHAND AVE,CITRUS HEIGHTS,95621,3,1118,Residential,Wed May 21 00:00:00 EDT 2008,122000
4882 BANDALIN WAY,SACRAMENTO,95823,4,1329,Residential,Wed May 21 00:00:00 EDT 2008,122682
7511 OAKVALE CT,NORTH HIGHLANDS,95660,4,1240,Residential,Wed May 21 00:00:00 EDT 2008,123000
9 PASTURE CT,SACRAMENTO,95834,3,1601,Residential,Wed May 21 00:00:00 EDT 2008,124100
3729 BAINBRIDGE DR,NORTH HIGHLANDS,95660,3,901,Residential,Wed May 21 00:00:00 EDT 2008,125000
3828 BLACKFOOT WAY,ANTELOPE,95843,3,1088,Residential,Wed May 21 00:00:00 EDT 2008,126640
4108 NORTON WAY,SACRAMENTO,95820,3,963,Residential,Wed May 21 00:00:00 EDT 2008,127281
1469 JANRICK AVE,SACRAMENTO,95832,3,1119,Residential,Wed May 21 00:00:00 EDT 2008,129000
9861 CULP WAY,SACRAMENTO,95827,4,1380,Residential,Wed May 21 00:00:00 EDT 2008,131200
7825 CREEK VALLEY CIR,SACRAMENTO,95828,3,1248,Residential,Wed May 21 00:00:00 EDT 2008,132000
5201 LAGUNA OAKS DR Unit 140,ELK GROVE,95758,2,1039,Condo,Wed May 21 00:00:00 EDT 2008,133000
6768 MEDORA DR,NORTH HIGHLANDS,95660,3,1152,Residential,Wed May 21 00:00:00 EDT 2008,134555
3100 EXPLORER DR,SACRAMENTO,95827,3,1380,Residential,Wed May 21 00:00:00 EDT 2008,136500
7944 DOMINION WAY,ELVERTA,95626,3,1116,Residential,Wed May 21 00:00:00 EDT 2008,138750
5201 LAGUNA OAKS DR Unit 162,ELK GROVE,95758,2,1039,Condo,Wed May 21 00:00:00 EDT 2008,141000
3920 SHINING STAR DR,SACRAMENTO,95823,3,1418,Residential,Wed May 21 00:00:00 EDT 2008,146250
5031 CORVAIR ST,NORTH HIGHLANDS,95660,3,1082,Residential,Wed May 21 00:00:00 EDT 2008,147308
7661 NIXOS WAY,SACRAMENTO,95823,4,1472,Residential,Wed May 21 00:00:00 EDT 2008,148750
7044 CARTHY WAY,SACRAMENTO,95828,4,1146,Residential,Wed May 21 00:00:00 EDT 2008,149593
2442 LARKSPUR LN,SACRAMENTO,95825,1,760,Condo,Wed May 21 00:00:00 EDT 2008,150000
4800 WESTLAKE PKWY Unit 2109,SACRAMENTO,95835,2,1304,Condo,Wed May 21 00:00:00 EDT 2008,152000
2178 63RD AVE,SACRAMENTO,95822,3,1207,Residential,Wed May 21 00:00:00 EDT 2008,154000
8718 ELK WAY,ELK GROVE,95624,3,1056,Residential,Wed May 21 00:00:00 EDT 2008,156896
5708 RIDGEPOINT DR,ANTELOPE,95843,2,1043,Residential,Wed May 21 00:00:00 EDT 2008,161250
7315 KOALA CT,NORTH HIGHLANDS,95660,4,1587,Residential,Wed May 21 00:00:00 EDT 2008,161500
2622 ERIN DR,SACRAMENTO,95833,4,1120,Residential,Wed May 21 00:00:00 EDT 2008,164000
8421 SUNBLAZE WAY,SACRAMENTO,95823,4,1580,Residential,Wed May 21 00:00:00 EDT 2008,165000
7420 ALIX PKWY,SACRAMENTO,95823,4,1955,Residential,Wed May 21 00:00:00 EDT 2008,166357
3820 NATOMA WAY,SACRAMENTO,95838,4,1656,Residential,Wed May 21 00:00:00 EDT 2008,166357
4431 GREEN TREE DR,SACRAMENTO,95823,3,1477,Residential,Wed May 21 00:00:00 EDT 2008,168000
9417 SARA ST,ELK GROVE,95624,3,1188,Residential,Wed May 21 00:00:00 EDT 2008,170000
8299 HALBRITE WAY,SACRAMENTO,95828,4,1590,Residential,Wed May 21 00:00:00 EDT 2008,173000
7223 KALLIE KAY LN,SACRAMENTO,95823,3,1463,Residential,Wed May 21 00:00:00 EDT 2008,174250
8156 STEINBECK WAY,SACRAMENTO,95828,4,1714,Residential,Wed May 21 00:00:00 EDT 2008,174313
7957 VALLEY GREEN DR,SACRAMENTO,95823,3,1185,Residential,Wed May 21 00:00:00 EDT 2008,178480
1122 WILD POPPY CT,GALT,95632,3,1406,Residential,Wed May 21 00:00:00 EDT 2008,178760
4520 BOMARK WAY,SACRAMENTO,95842,4,1943,Multi-Family,Wed May 21 00:00:00 EDT 2008,179580
9012 KIEFER BLVD,SACRAMENTO,95826,3,1172,Residential,Wed May 21 00:00:00 EDT 2008,181000
5332 SANDSTONE ST,CARMICHAEL,95608,3,1152,Residential,Wed May 21 00:00:00 EDT 2008,181872
5993 SAWYER CIR,SACRAMENTO,95823,4,1851,Residential,Wed May 21 00:00:00 EDT 2008,182587
4844 CLYDEBANK WAY,ANTELOPE,95843,3,1215,Residential,Wed May 21 00:00:00 EDT 2008,182716
306 CAMELLIA WAY,GALT,95632,3,1130,Residential,Wed May 21 00:00:00 EDT 2008,182750
9021 MADISON AVE,ORANGEVALE,95662,4,1603,Residential,Wed May 21 00:00:00 EDT 2008,183200
404 6TH ST,GALT,95632,3,1479,Residential,Wed May 21 00:00:00 EDT 2008,188741
8317 SUNNY CREEK WAY,SACRAMENTO,95823,3,1420,Residential,Wed May 21 00:00:00 EDT 2008,189000
2617 BASS CT,SACRAMENTO,95826,3,1280,Residential,Wed May 21 00:00:00 EDT 2008,192067
7005 TIANT WAY,ELK GROVE,95758,3,1586,Residential,Wed May 21 00:00:00 EDT 2008,194000
7895 CABER WAY,ANTELOPE,95843,3,1362,Residential,Wed May 21 00:00:00 EDT 2008,194818
7624 BOGEY CT,SACRAMENTO,95828,4,2162,Multi-Family,Wed May 21 00:00:00 EDT 2008,195000
6930 HAMPTON COVE WAY,SACRAMENTO,95823,3,1266,Residential,Wed May 21 00:00:00 EDT 2008,198000
8708 MESA BROOK WAY,ELK GROVE,95624,4,1715,Residential,Wed May 21 00:00:00 EDT 2008,199500
120 GRANT LN,FOLSOM,95630,3,1820,Residential,Wed May 21 00:00:00 EDT 2008,200000
5907 ELLERSLEE DR,CARMICHAEL,95608,3,936,Residential,Wed May 21 00:00:00 EDT 2008,200000
17 SERASPI CT,SACRAMENTO,95834,0,0,Residential,Wed May 21 00:00:00 EDT 2008,206000
170 PENHOW CIR,SACRAMENTO,95834,3,1511,Residential,Wed May 21 00:00:00 EDT 2008,208000
8345 STAR THISTLE WAY,SACRAMENTO,95823,4,1590,Residential,Wed May 21 00:00:00 EDT 2008,212864
9080 FRESCA WAY,ELK GROVE,95758,4,1596,Residential,Wed May 21 00:00:00 EDT 2008,221000
391 NATALINO CIR,SACRAMENTO,95835,2,1341,Residential,Wed May 21 00:00:00 EDT 2008,221000
8373 BLACKMAN WAY,ELK GROVE,95624,5,2136,Residential,Wed May 21 00:00:00 EDT 2008,223058
9837 CORTE DORADO CT,ELK GROVE,95624,4,1616,Residential,Wed May 21 00:00:00 EDT 2008,227887
5037 J PKWY,SACRAMENTO,95823,3,1478,Residential,Wed May 21 00:00:00 EDT 2008,231477
10245 LOS PALOS DR,RANCHO CORDOVA,95670,3,1287,Residential,Wed May 21 00:00:00 EDT 2008,234697
6613 NAVION DR,CITRUS HEIGHTS,95621,4,1277,Residential,Wed May 21 00:00:00 EDT 2008,235000
2887 AZEVEDO DR,SACRAMENTO,95833,4,1448,Residential,Wed May 21 00:00:00 EDT 2008,236000
9186 KINBRACE CT,SACRAMENTO,95829,4,2235,Residential,Wed May 21 00:00:00 EDT 2008,236685
4243 MIDDLEBURY WAY,MATHER,95655,3,2093,Residential,Wed May 21 00:00:00 EDT 2008,237800
1028 FALLON PLACE CT,RIO LINDA,95673,3,1193,Residential,Wed May 21 00:00:00 EDT 2008,240122
4804 NORIKER DR,ELK GROVE,95757,3,2163,Residential,Wed May 21 00:00:00 EDT 2008,242638
7713 HARVEST WOODS DR,SACRAMENTO,95828,3,1269,Residential,Wed May 21 00:00:00 EDT 2008,244000
2866 KARITSA AVE,SACRAMENTO,95833,0,0,Residential,Wed May 21 00:00:00 EDT 2008,244500
6913 RICHEVE WAY,SACRAMENTO,95828,3,958,Residential,Wed May 21 00:00:00 EDT 2008,244960
8636 TEGEA WAY,ELK GROVE,95624,5,2508,Residential,Wed May 21 00:00:00 EDT 2008,245918
5448 MAIDSTONE WAY,CITRUS HEIGHTS,95621,3,1305,Residential,Wed May 21 00:00:00 EDT 2008,250000
18 OLLIE CT,ELK GROVE,95758,4,1591,Residential,Wed May 21 00:00:00 EDT 2008,250000
4010 ALEX LN,CARMICHAEL,95608,2,1326,Condo,Wed May 21 00:00:00 EDT 2008,250134
4901 MILLNER WAY,ELK GROVE,95757,3,1843,Residential,Wed May 21 00:00:00 EDT 2008,254200
4818 BRITTNEY LEE CT,SACRAMENTO,95841,4,1921,Residential,Wed May 21 00:00:00 EDT 2008,254200
5529 LAGUNA PARK DR,ELK GROVE,95758,5,2790,Residential,Wed May 21 00:00:00 EDT 2008,258000
230 CANDELA CIR,SACRAMENTO,95835,3,1541,Residential,Wed May 21 00:00:00 EDT 2008,260000
4900 71ST ST,SACRAMENTO,95820,3,1018,Residential,Wed May 21 00:00:00 EDT 2008,260014
12209 CONSERVANCY WAY,RANCHO CORDOVA,95742,0,0,Residential,Wed May 21 00:00:00 EDT 2008,263500
4236 NATOMAS CENTRAL DR,SACRAMENTO,95834,3,1672,Condo,Wed May 21 00:00:00 EDT 2008,265000
5615 LUPIN LN,POLLOCK PINES,95726,3,1380,Residential,Wed May 21 00:00:00 EDT 2008,265000
5625 JAMES WAY,SACRAMENTO,95822,3,975,Residential,Wed May 21 00:00:00 EDT 2008,271742
7842 LAHONTAN CT,SACRAMENTO,95829,4,2372,Residential,Wed May 21 00:00:00 EDT 2008,273750
6850 21ST ST,SACRAMENTO,95822,3,1446,Residential,Wed May 21 00:00:00 EDT 2008,275086
2900 BLAIR RD,POLLOCK PINES,95726,2,1284,Residential,Wed May 21 00:00:00 EDT 2008,280908
2064 EXPEDITION WAY,SACRAMENTO,95832,4,3009,Residential,Wed May 21 00:00:00 EDT 2008,280987
2912 NORCADE CIR,SACRAMENTO,95826,8,3612,Multi-Family,Wed May 21 00:00:00 EDT 2008,282400
9507 SEA CLIFF WAY,ELK GROVE,95758,4,2056,Residential,Wed May 21 00:00:00 EDT 2008,285000
8882 AUTUMN GOLD CT,ELK GROVE,95624,4,1993,Residential,Wed May 21 00:00:00 EDT 2008,287417
5322 WHITE LOTUS WAY,ELK GROVE,95757,3,1857,Residential,Wed May 21 00:00:00 EDT 2008,291000
1838 CASTRO WAY,SACRAMENTO,95818,2,1126,Residential,Wed May 21 00:00:00 EDT 2008,292024
10158 CRAWFORD WAY,SACRAMENTO,95827,4,2213,Multi-Family,Wed May 21 00:00:00 EDT 2008,297000
7731 MASTERS ST,ELK GROVE,95758,5,2494,Residential,Wed May 21 00:00:00 EDT 2008,297000
4925 PERCHERON DR,ELK GROVE,95757,3,1843,Residential,Wed May 21 00:00:00 EDT 2008,298000
2010 PROMONTORY POINT LN,GOLD RIVER,95670,2,1520,Residential,Wed May 21 00:00:00 EDT 2008,299000
4727 SAVOIE WAY,SACRAMENTO,95835,5,2800,Residential,Wed May 21 00:00:00 EDT 2008,304037
8664 MAGNOLIA HILL WAY,ELK GROVE,95624,4,2309,Residential,Wed May 21 00:00:00 EDT 2008,311000
9570 HARVEST ROSE WAY,SACRAMENTO,95827,5,2367,Residential,Wed May 21 00:00:00 EDT 2008,315537
4359 CREGAN CT,RANCHO CORDOVA,95742,5,3516,Residential,Wed May 21 00:00:00 EDT 2008,320000
5337 DUSTY ROSE WAY,RANCHO CORDOVA,95742,0,0,Residential,Wed May 21 00:00:00 EDT 2008,320000
8929 SUTTERS GOLD DR,SACRAMENTO,95826,4,1914,Residential,Wed May 21 00:00:00 EDT 2008,328360
8025 PEERLESS AVE,ORANGEVALE,95662,2,1690,Residential,Wed May 21 00:00:00 EDT 2008,334150
4620 WELERA WAY,ELK GROVE,95757,3,2725,Residential,Wed May 21 00:00:00 EDT 2008,335750
9723 TERRAPIN CT,ELK GROVE,95757,4,2354,Residential,Wed May 21 00:00:00 EDT 2008,335750
2115 SMOKESTACK WAY,SACRAMENTO,95833,0,0,Residential,Wed May 21 00:00:00 EDT 2008,339500
100 REBECCA WAY,FOLSOM,95630,3,2185,Residential,Wed May 21 00:00:00 EDT 2008,344250
9488 OAK VILLAGE WAY,ELK GROVE,95758,4,1801,Residential,Wed May 21 00:00:00 EDT 2008,346210
8495 DARTFORD DR,SACRAMENTO,95823,3,1961,Residential,Wed May 21 00:00:00 EDT 2008,347029
6708 PONTA DO SOL WAY,ELK GROVE,95757,4,3134,Residential,Wed May 21 00:00:00 EDT 2008,347650
4143 SEA MEADOW WAY,SACRAMENTO,95823,4,1915,Residential,Wed May 21 00:00:00 EDT 2008,351300
3020 RICHARDSON CIR,EL DORADO HILLS,95762,3,0,Residential,Wed May 21 00:00:00 EDT 2008,352000
8082 LINDA ISLE LN,SACRAMENTO,95831,0,0,Residential,Wed May 21 00:00:00 EDT 2008,370000
15300 MURIETA SOUTH PKWY,RANCHO MURIETA,95683,4,2734,Residential,Wed May 21 00:00:00 EDT 2008,370500
11215 SHARRMONT CT,WILTON,95693,3,2110,Residential,Wed May 21 00:00:00 EDT 2008,372000
7105 DANBERG WAY,ELK GROVE,95757,5,3164,Residential,Wed May 21 00:00:00 EDT 2008,375000
5579 JERRY LITELL WAY,SACRAMENTO,95835,5,3599,Residential,Wed May 21 00:00:00 EDT 2008,381300
1050 FOXHALL WAY,SACRAMENTO,95831,4,2054,Residential,Wed May 21 00:00:00 EDT 2008,381942
7837 ABBINGTON WAY,ANTELOPE,95843,4,1830,Residential,Wed May 21 00:00:00 EDT 2008,387731
1300 F ST,SACRAMENTO,95814,3,1627,Residential,Wed May 21 00:00:00 EDT 2008,391000
6801 RAWLEY WAY,ELK GROVE,95757,4,3440,Residential,Wed May 21 00:00:00 EDT 2008,394470
1693 SHELTER COVE DR,GREENWOOD,95635,3,2846,Residential,Wed May 21 00:00:00 EDT 2008,395000
9361 WADDELL LN,ELK GROVE,95624,4,2359,Residential,Wed May 21 00:00:00 EDT 2008,400186
10 SEA FOAM CT,SACRAMENTO,95831,3,2052,Residential,Wed May 21 00:00:00 EDT 2008,415000
6945 RIO TEJO WAY,ELK GROVE,95757,5,3433,Residential,Wed May 21 00:00:00 EDT 2008,425000
4186 TULIP PARK WAY,RANCHO CORDOVA,95742,5,3615,Residential,Wed May 21 00:00:00 EDT 2008,430000
9278 DAIRY CT,ELK GROVE,95624,0,0,Residential,Wed May 21 00:00:00 EDT 2008,445000
207 ORANGE BLOSSOM CIR Unit C,FOLSOM,95630,5,2687,Residential,Wed May 21 00:00:00 EDT 2008,460000
6507 RIO DE ONAR WAY,ELK GROVE,95757,4,2724,Residential,Wed May 21 00:00:00 EDT 2008,461000
7004 RAWLEY WAY,ELK GROVE,95757,4,3440,Residential,Wed May 21 00:00:00 EDT 2008,489332
6503 RIO DE ONAR WAY,ELK GROVE,95757,5,3508,Residential,Wed May 21 00:00:00 EDT 2008,510000
2217 APPALOOSA CT,FOLSOM,95630,4,2462,Residential,Wed May 21 00:00:00 EDT 2008,539000
868 HILDEBRAND CIR,FOLSOM,95630,0,0,Residential,Wed May 21 00:00:00 EDT 2008,585000
6030 PALERMO WAY,EL DORADO HILLS,95762,4,0,Residential,Wed May 21 00:00:00 EDT 2008,600000
4070 REDONDO DR,EL DORADO HILLS,95762,4,0,Residential,Wed May 21 00:00:00 EDT 2008,606238
4004 CRESTA WAY,SACRAMENTO,95864,3,2325,Residential,Wed May 21 00:00:00 EDT 2008,660000
315 JUMEL CT,EL DORADO HILLS,95762,6,0,Residential,Wed May 21 00:00:00 EDT 2008,830000
6272 LONGFORD DR Unit 1,CITRUS HEIGHTS,95621,2,795,Condo,Tue May 20 00:00:00 EDT 2008,69000
3432 Y ST,SACRAMENTO,95817,4,1099,Residential,Tue May 20 00:00:00 EDT 2008,70000
9512 EMERALD PARK DR Unit 3,ELK GROVE,95624,2,840,Condo,Tue May 20 00:00:00 EDT 2008,71000
3132 CLAY ST,SACRAMENTO,95815,2,800,Residential,Tue May 20 00:00:00 EDT 2008,78000
5221 38TH AVE,SACRAMENTO,95824,2,746,Residential,Tue May 20 00:00:00 EDT 2008,78400
6112 HERMOSA ST,SACRAMENTO,95822,3,1067,Residential,Tue May 20 00:00:00 EDT 2008,80000
483 ARCADE BLVD,SACRAMENTO,95815,4,1316,Residential,Tue May 20 00:00:00 EDT 2008,89000
671 SONOMA AVE,SACRAMENTO,95815,3,1337,Residential,Tue May 20 00:00:00 EDT 2008,90000
5980 79TH ST,SACRAMENTO,95824,2,868,Residential,Tue May 20 00:00:00 EDT 2008,90000
7607 ELDER CREEK RD,SACRAMENTO,95824,3,924,Residential,Tue May 20 00:00:00 EDT 2008,92000
5028 14TH AVE,SACRAMENTO,95820,2,610,Residential,Tue May 20 00:00:00 EDT 2008,93675
14788 NATCHEZ CT,RANCHO MURIETA,95683,0,0,Residential,Tue May 20 00:00:00 EDT 2008,97750
1069 ACACIA AVE,SACRAMENTO,95815,2,1220,Residential,Tue May 20 00:00:00 EDT 2008,98000
5201 LAGUNA OAKS DR Unit 199,ELK GROVE,95758,1,722,Condo,Tue May 20 00:00:00 EDT 2008,98000
3847 LAS PASAS WAY,SACRAMENTO,95864,3,1643,Residential,Tue May 20 00:00:00 EDT 2008,99000
5201 LAGUNA OAKS DR Unit 172,ELK GROVE,95758,1,722,Condo,Tue May 20 00:00:00 EDT 2008,100000
1121 CREEKSIDE WAY,GALT,95632,3,1080,Residential,Tue May 20 00:00:00 EDT 2008,106716
5307 CABRILLO WAY,SACRAMENTO,95820,3,1039,Residential,Tue May 20 00:00:00 EDT 2008,111000
3725 DON JULIO BLVD,NORTH HIGHLANDS,95660,3,1051,Residential,Tue May 20 00:00:00 EDT 2008,111000
4803 MCCLOUD DR,SACRAMENTO,95842,2,967,Residential,Tue May 20 00:00:00 EDT 2008,114800
10542 SILVERWOOD WAY,RANCHO CORDOVA,95670,3,1098,Residential,Tue May 20 00:00:00 EDT 2008,120108
6318 39TH AVE,SACRAMENTO,95824,3,1050,Residential,Tue May 20 00:00:00 EDT 2008,123225
211 MCDANIEL CIR,SACRAMENTO,95838,3,1110,Residential,Tue May 20 00:00:00 EDT 2008,123750
3800 LYNHURST WAY,NORTH HIGHLANDS,95660,3,888,Residential,Tue May 20 00:00:00 EDT 2008,125000
6139 HERMOSA ST,SACRAMENTO,95822,3,1120,Residential,Tue May 20 00:00:00 EDT 2008,125000
2505 RHINE WAY,ELVERTA,95626,3,1080,Residential,Tue May 20 00:00:00 EDT 2008,126000
3692 PAYNE WAY,NORTH HIGHLANDS,95660,3,957,Residential,Tue May 20 00:00:00 EDT 2008,129000
604 MORRISON AVE,SACRAMENTO,95838,2,952,Residential,Tue May 20 00:00:00 EDT 2008,134000
648 SANTA ANA AVE,SACRAMENTO,95838,3,1211,Residential,Tue May 20 00:00:00 EDT 2008,135000
14 ASHLEY OAKS CT,SACRAMENTO,95815,3,1264,Residential,Tue May 20 00:00:00 EDT 2008,135500
3174 NORTHVIEW DR,SACRAMENTO,95833,3,1080,Residential,Tue May 20 00:00:00 EDT 2008,140000
840 TRANQUIL LN,GALT,95632,3,1266,Residential,Tue May 20 00:00:00 EDT 2008,140000
5333 PRIMROSE DR Unit 19A,FAIR OAKS,95628,2,994,Condo,Tue May 20 00:00:00 EDT 2008,142500
1035 MILLET WAY,SACRAMENTO,95834,3,1202,Residential,Tue May 20 00:00:00 EDT 2008,143500
5201 LAGUNA OAKS DR Unit 126,ELK GROVE,95758,0,0,Condo,Tue May 20 00:00:00 EDT 2008,145000
3328 22ND AVE,SACRAMENTO,95820,2,722,Residential,Tue May 20 00:00:00 EDT 2008,145000
8001 HARTWICK WAY,SACRAMENTO,95828,4,1448,Residential,Tue May 20 00:00:00 EDT 2008,145000
7812 HARTWICK WAY,SACRAMENTO,95828,3,1188,Residential,Tue May 20 00:00:00 EDT 2008,145000
4207 PAINTER WAY,NORTH HIGHLANDS,95660,4,1183,Residential,Tue May 20 00:00:00 EDT 2008,146000
7458 WINKLEY WAY,SACRAMENTO,95822,3,1320,Residential,Tue May 20 00:00:00 EDT 2008,148500
8354 SUNRISE WOODS WAY,SACRAMENTO,95828,3,1117,Residential,Tue May 20 00:00:00 EDT 2008,149000
8116 COTTONMILL CIR,SACRAMENTO,95828,3,1364,Residential,Tue May 20 00:00:00 EDT 2008,150000
4660 CEDARWOOD WAY,SACRAMENTO,95823,4,1310,Residential,Tue May 20 00:00:00 EDT 2008,150000
9254 HARROGATE WAY,ELK GROVE,95758,2,1006,Residential,Tue May 20 00:00:00 EDT 2008,152000
6716 TAREYTON WAY,CITRUS HEIGHTS,95621,3,1104,Residential,Tue May 20 00:00:00 EDT 2008,156000
2028 ROBERT WAY,SACRAMENTO,95825,2,810,Residential,Tue May 20 00:00:00 EDT 2008,156000
9346 AIZENBERG CIR,ELK GROVE,95624,2,1123,Residential,Tue May 20 00:00:00 EDT 2008,156000
4524 LOCH HAVEN WAY,SACRAMENTO,95842,2,904,Residential,Tue May 20 00:00:00 EDT 2008,157788
7140 BLUE SPRINGS WAY,CITRUS HEIGHTS,95621,3,1156,Residential,Tue May 20 00:00:00 EDT 2008,161653
4631 11TH AVE,SACRAMENTO,95820,2,1321,Residential,Tue May 20 00:00:00 EDT 2008,161829
3228 BAGGAN CT,ANTELOPE,95843,3,1392,Residential,Tue May 20 00:00:00 EDT 2008,165000
8515 DARTFORD DR,SACRAMENTO,95823,3,1439,Residential,Tue May 20 00:00:00 EDT 2008,168000
4500 TIPPWOOD WAY,SACRAMENTO,95842,3,1159,Residential,Tue May 20 00:00:00 EDT 2008,169000
2460 EL ROCCO WAY,RANCHO CORDOVA,95670,3,1671,Residential,Tue May 20 00:00:00 EDT 2008,175000
8244 SUNBIRD WAY,SACRAMENTO,95823,3,1740,Residential,Tue May 20 00:00:00 EDT 2008,176250
5841 VALLEY VALE WAY,SACRAMENTO,95823,3,1265,Residential,Tue May 20 00:00:00 EDT 2008,179000
7863 CRESTLEIGH CT,ANTELOPE,95843,2,1007,Residential,Tue May 20 00:00:00 EDT 2008,180000
7129 SPRINGMONT DR,ELK GROVE,95758,3,1716,Residential,Tue May 20 00:00:00 EDT 2008,180400
8284 RED FOX WAY,ELK GROVE,95758,4,1685,Residential,Tue May 20 00:00:00 EDT 2008,182000
2219 EL CANTO CIR,RANCHO CORDOVA,95670,4,1829,Residential,Tue May 20 00:00:00 EDT 2008,184500
8907 GEMWOOD WAY,ELK GROVE,95758,3,1555,Residential,Tue May 20 00:00:00 EDT 2008,185000
5925 MALEVILLE AVE,CARMICHAEL,95608,4,1120,Residential,Tue May 20 00:00:00 EDT 2008,189000
7031 CANEVALLEY CIR,CITRUS HEIGHTS,95621,3,1137,Residential,Tue May 20 00:00:00 EDT 2008,194000
3949 WILDROSE WAY,SACRAMENTO,95826,3,1174,Residential,Tue May 20 00:00:00 EDT 2008,195000
4437 MITCHUM CT,ANTELOPE,95843,3,1393,Residential,Tue May 20 00:00:00 EDT 2008,200000
2778 KAWEAH CT,CAMERON PARK,95682,3,0,Residential,Tue May 20 00:00:00 EDT 2008,201000
1636 ALLENWOOD CIR,LINCOLN,95648,4,0,Residential,Tue May 20 00:00:00 EDT 2008,202500
8151 QUAIL RIDGE CT,SACRAMENTO,95828,3,1289,Residential,Tue May 20 00:00:00 EDT 2008,205000
4899 WIND CREEK DR,SACRAMENTO,95838,4,1799,Residential,Tue May 20 00:00:00 EDT 2008,205000
2370 BIG CANYON CREEK RD,PLACERVILLE,95667,3,0,Residential,Tue May 20 00:00:00 EDT 2008,205000
6049 HAMBURG WAY,SACRAMENTO,95823,4,1953,Residential,Tue May 20 00:00:00 EDT 2008,205000
4232 71ST ST,SACRAMENTO,95820,2,723,Residential,Tue May 20 00:00:00 EDT 2008,207000
3361 BOW MAR CT,CAMERON PARK,95682,2,0,Residential,Tue May 20 00:00:00 EDT 2008,210000
1889 COLD SPRINGS RD,PLACERVILLE,95667,2,948,Residential,Tue May 20 00:00:00 EDT 2008,211500
5805 HIMALAYA WAY,CITRUS HEIGHTS,95621,4,1578,Residential,Tue May 20 00:00:00 EDT 2008,215000
7944 SYLVAN OAK WAY,CITRUS HEIGHTS,95610,3,1317,Residential,Tue May 20 00:00:00 EDT 2008,215000
3139 SPOONWOOD WAY Unit 1,SACRAMENTO,95833,0,0,Residential,Tue May 20 00:00:00 EDT 2008,215500
6217 LEOLA WAY,SACRAMENTO,95824,3,1360,Residential,Tue May 20 00:00:00 EDT 2008,222381
2340 HURLEY WAY,SACRAMENTO,95825,0,0,Condo,Tue May 20 00:00:00 EDT 2008,225000
3035 BRUNNET LN,SACRAMENTO,95833,3,1522,Residential,Tue May 20 00:00:00 EDT 2008,225000
3025 EL PRADO WAY,SACRAMENTO,95825,4,1751,Residential,Tue May 20 00:00:00 EDT 2008,225000
9387 GRANITE FALLS CT,ELK GROVE,95624,3,1465,Residential,Tue May 20 00:00:00 EDT 2008,225000
9257 CALDERA WAY,SACRAMENTO,95826,4,1605,Residential,Tue May 20 00:00:00 EDT 2008,228000
441 ARLINGDALE CIR,RIO LINDA,95673,4,1475,Residential,Tue May 20 00:00:00 EDT 2008,229665
2284 LOS ROBLES RD,MEADOW VISTA,95722,3,1216,Residential,Tue May 20 00:00:00 EDT 2008,230000
8164 CHENIN BLANC LN,FAIR OAKS,95628,2,1315,Residential,Tue May 20 00:00:00 EDT 2008,230000
4620 CHAMBERLIN CIR,ELK GROVE,95757,3,1567,Residential,Tue May 20 00:00:00 EDT 2008,230000
5340 BIRK WAY,SACRAMENTO,95835,3,1776,Residential,Tue May 20 00:00:00 EDT 2008,234000
51 ANJOU CIR,SACRAMENTO,95835,3,2187,Residential,Tue May 20 00:00:00 EDT 2008,235000
2125 22ND AVE,SACRAMENTO,95822,3,1291,Residential,Tue May 20 00:00:00 EDT 2008,236250
611 BLOSSOM ROCK LN,FOLSOM,95630,0,0,Condo,Tue May 20 00:00:00 EDT 2008,240000
8830 ADUR RD,ELK GROVE,95624,0,0,Residential,Tue May 20 00:00:00 EDT 2008,242000
7344 BUTTERBALL WAY,SACRAMENTO,95842,3,1503,Residential,Tue May 20 00:00:00 EDT 2008,245000
8219 GWINHURST CIR,SACRAMENTO,95828,4,2491,Residential,Tue May 20 00:00:00 EDT 2008,245000
3240 S ST,SACRAMENTO,95816,2,1269,Residential,Tue May 20 00:00:00 EDT 2008,245000
221 PICASSO CIR,SACRAMENTO,95835,0,0,Residential,Tue May 20 00:00:00 EDT 2008,250000
5706 GREENACRES WAY,ORANGEVALE,95662,3,1176,Residential,Tue May 20 00:00:00 EDT 2008,250000
6900 LONICERA DR,ORANGEVALE,95662,4,1456,Residential,Tue May 20 00:00:00 EDT 2008,250000
419 DAWNRIDGE RD,ROSEVILLE,95678,3,1498,Residential,Tue May 20 00:00:00 EDT 2008,250000
5312 MARBURY WAY,ANTELOPE,95843,3,1574,Residential,Tue May 20 00:00:00 EDT 2008,255000
6344 BONHAM CIR,CITRUS HEIGHTS,95610,5,2085,Multi-Family,Tue May 20 00:00:00 EDT 2008,256054
8207 YORKTON WAY,SACRAMENTO,95829,3,2170,Residential,Tue May 20 00:00:00 EDT 2008,257729
7922 MANSELL WAY,ELK GROVE,95758,4,1595,Residential,Tue May 20 00:00:00 EDT 2008,260000
5712 MELBURY CIR,ANTELOPE,95843,3,1567,Residential,Tue May 20 00:00:00 EDT 2008,261000
632 NEWBRIDGE LN,LINCOLN,95648,4,0,Residential,Tue May 20 00:00:00 EDT 2008,261800
1570 GLIDDEN AVE,SACRAMENTO,95822,4,1253,Residential,Tue May 20 00:00:00 EDT 2008,264469
8108 FILIFERA WAY,ANTELOPE,95843,4,1768,Residential,Tue May 20 00:00:00 EDT 2008,265000
230 BANKSIDE WAY,SACRAMENTO,95835,0,0,Residential,Tue May 20 00:00:00 EDT 2008,270000
5342 CALABRIA WAY,SACRAMENTO,95835,4,2030,Residential,Tue May 20 00:00:00 EDT 2008,270000
47 NAPONEE CT,SACRAMENTO,95835,3,1531,Residential,Tue May 20 00:00:00 EDT 2008,270000
4236 ADRIATIC SEA WAY,SACRAMENTO,95834,0,0,Residential,Tue May 20 00:00:00 EDT 2008,270000
8864 REMBRANT CT,ELK GROVE,95624,4,1653,Residential,Tue May 20 00:00:00 EDT 2008,275000
9455 SEA CLIFF WAY,ELK GROVE,95758,4,2056,Residential,Tue May 20 00:00:00 EDT 2008,275000
9720 LITTLE HARBOR WAY,ELK GROVE,95624,4,2494,Residential,Tue May 20 00:00:00 EDT 2008,280000
8806 PHOENIX AVE,FAIR OAKS,95628,3,1450,Residential,Tue May 20 00:00:00 EDT 2008,286013
3578 LOGGERHEAD WAY,SACRAMENTO,95834,4,2169,Residential,Tue May 20 00:00:00 EDT 2008,292000
1416 LOCKHART WAY,ROSEVILLE,95747,3,1440,Residential,Tue May 20 00:00:00 EDT 2008,292000
5413 BUENA VENTURA WAY,FAIR OAKS,95628,3,1527,Residential,Tue May 20 00:00:00 EDT 2008,293993
37 WHITE BIRCH CT,ROSEVILLE,95678,3,1401,Residential,Tue May 20 00:00:00 EDT 2008,294000
405 MARLIN SPIKE WAY,SACRAMENTO,95838,3,1411,Residential,Tue May 20 00:00:00 EDT 2008,296769
1102 CHESLEY LN,LINCOLN,95648,4,0,Residential,Tue May 20 00:00:00 EDT 2008,297500
11281 STANFORD COURT LN Unit 604,GOLD RIVER,95670,0,0,Condo,Tue May 20 00:00:00 EDT 2008,300000
7320 6TH ST,RIO LINDA,95673,3,1284,Residential,Tue May 20 00:00:00 EDT 2008,300000
993 MANTON CT,GALT,95632,4,2307,Residential,Tue May 20 00:00:00 EDT 2008,300000
4487 PANORAMA DR,PLACERVILLE,95667,3,1329,Residential,Tue May 20 00:00:00 EDT 2008,300000
5651 OVERLEAF WAY,SACRAMENTO,95835,4,1910,Residential,Tue May 20 00:00:00 EDT 2008,300500
2015 PROMONTORY POINT LN,GOLD RIVER,95670,3,1981,Residential,Tue May 20 00:00:00 EDT 2008,305000
3224 PARKHAM DR,ROSEVILLE,95747,0,0,Residential,Tue May 20 00:00:00 EDT 2008,306500
15 VANESSA PL,SACRAMENTO,95835,0,0,Residential,Tue May 20 00:00:00 EDT 2008,312500
1312 RENISON LN,LINCOLN,95648,5,0,Residential,Tue May 20 00:00:00 EDT 2008,315000
8 RIVER RAFT CT,SACRAMENTO,95823,4,2205,Residential,Tue May 20 00:00:00 EDT 2008,319789
2251 LAMPLIGHT LN,LINCOLN,95648,2,1449,Residential,Tue May 20 00:00:00 EDT 2008,330000
106 FARHAM DR,FOLSOM,95630,3,1258,Residential,Tue May 20 00:00:00 EDT 2008,330000
5405 NECTAR CIR,ELK GROVE,95757,3,2575,Residential,Tue May 20 00:00:00 EDT 2008,331000
5411 10TH AVE,SACRAMENTO,95820,2,539,Residential,Tue May 20 00:00:00 EDT 2008,334000
3512 RAINSONG CIR,RANCHO CORDOVA,95670,4,2208,Residential,Tue May 20 00:00:00 EDT 2008,336000
1106 55TH ST,SACRAMENTO,95819,3,1108,Residential,Tue May 20 00:00:00 EDT 2008,339000
411 ILLSLEY WAY,FOLSOM,95630,4,1595,Residential,Tue May 20 00:00:00 EDT 2008,339000
796 BUTTERCUP CIR,GALT,95632,4,2159,Residential,Tue May 20 00:00:00 EDT 2008,345000
1230 SANDRA CIR,PLACERVILLE,95667,4,2295,Residential,Tue May 20 00:00:00 EDT 2008,350000
318 ANACAPA DR,ROSEVILLE,95678,3,1838,Residential,Tue May 20 00:00:00 EDT 2008,356000
3975 SHINING STAR DR,SACRAMENTO,95823,4,1900,Residential,Tue May 20 00:00:00 EDT 2008,361745
1620 BASLER ST,SACRAMENTO,95811,4,1718,Residential,Tue May 20 00:00:00 EDT 2008,361948
9688 NATURE TRAIL WAY,ELK GROVE,95757,5,3389,Residential,Tue May 20 00:00:00 EDT 2008,370000
5924 TANUS CIR,ROCKLIN,95677,4,0,Residential,Tue May 20 00:00:00 EDT 2008,380000
9629 CEDAR OAK WAY,ELK GROVE,95757,5,3260,Residential,Tue May 20 00:00:00 EDT 2008,385000
3429 FERNBROOK CT,CAMERON PARK,95682,3,2016,Residential,Tue May 20 00:00:00 EDT 2008,399000
2121 HANNAH WAY,ROCKLIN,95765,4,2607,Residential,Tue May 20 00:00:00 EDT 2008,402000
10104 ANNIE ST,ELK GROVE,95757,4,2724,Residential,Tue May 20 00:00:00 EDT 2008,406026
1092 MAUGHAM CT,GALT,95632,5,3746,Residential,Tue May 20 00:00:00 EDT 2008,420000
5404 ALMOND FALLS WAY,RANCHO CORDOVA,95742,0,0,Residential,Tue May 20 00:00:00 EDT 2008,425000
6306 CONEJO,RANCHO MURIETA,95683,4,3192,Residential,Tue May 20 00:00:00 EDT 2008,425000
14 CASA VATONI PL,SACRAMENTO,95834,0,0,Residential,Tue May 20 00:00:00 EDT 2008,433500
1456 EAGLESFIELD LN,LINCOLN,95648,4,0,Residential,Tue May 20 00:00:00 EDT 2008,436746
4100 BOTHWELL CIR,EL DORADO HILLS,95762,5,0,Residential,Tue May 20 00:00:00 EDT 2008,438700
427 21ST ST,SACRAMENTO,95811,2,1247,Residential,Tue May 20 00:00:00 EDT 2008,445000
1044 GALSTON DR,FOLSOM,95630,4,2581,Residential,Tue May 20 00:00:00 EDT 2008,450000
4440 SYCAMORE AVE,SACRAMENTO,95841,3,2068,Residential,Tue May 20 00:00:00 EDT 2008,460000
1032 SOUZA DR,EL DORADO HILLS,95762,3,0,Residential,Tue May 20 00:00:00 EDT 2008,460000
9760 LAZULITE CT,ELK GROVE,95624,4,3992,Residential,Tue May 20 00:00:00 EDT 2008,460000
241 LANFRANCO CIR,SACRAMENTO,95835,4,3397,Residential,Tue May 20 00:00:00 EDT 2008,465000
5559 NORTHBOROUGH DR,SACRAMENTO,95835,5,3881,Residential,Tue May 20 00:00:00 EDT 2008,471750
2125 BIG SKY DR,ROCKLIN,95765,5,0,Residential,Tue May 20 00:00:00 EDT 2008,480000
2109 HAMLET PL,CARMICHAEL,95608,2,1598,Residential,Tue May 20 00:00:00 EDT 2008,484000
9970 STATE HIGHWAY 193,PLACERVILLE,95667,4,1929,Residential,Tue May 20 00:00:00 EDT 2008,485000
2901 PINTAIL WAY,ELK GROVE,95757,4,3070,Residential,Tue May 20 00:00:00 EDT 2008,495000
201 FIRESTONE DR,ROSEVILLE,95678,0,0,Residential,Tue May 20 00:00:00 EDT 2008,500500
1740 HIGH ST,AUBURN,95603,3,0,Residential,Tue May 20 00:00:00 EDT 2008,504000
2733 DANA LOOP,EL DORADO HILLS,95762,0,0,Residential,Tue May 20 00:00:00 EDT 2008,541000
9741 SADDLEBRED CT,WILTON,95693,0,0,Residential,Tue May 20 00:00:00 EDT 2008,560000
7756 TIGERWOODS DR,SACRAMENTO,95829,5,3984,Residential,Tue May 20 00:00:00 EDT 2008,572500
5709 RIVER OAK WAY,CARMICHAEL,95608,4,2222,Residential,Tue May 20 00:00:00 EDT 2008,582000
2981 WRINGER DR,ROSEVILLE,95661,4,3838,Residential,Tue May 20 00:00:00 EDT 2008,613401
8616 ROCKPORTE CT,ROSEVILLE,95747,4,0,Residential,Tue May 20 00:00:00 EDT 2008,614000
4128 HILL ST,FAIR OAKS,95628,5,2846,Residential,Tue May 20 00:00:00 EDT 2008,680000
1409 47TH ST,SACRAMENTO,95819,5,2484,Residential,Tue May 20 00:00:00 EDT 2008,699000
3935 EL MONTE DR,LOOMIS,95650,4,1624,Residential,Tue May 20 00:00:00 EDT 2008,839000
5840 WALERGA RD,SACRAMENTO,95842,2,840,Condo,Mon May 19 00:00:00 EDT 2008,40000
923 FULTON AVE,SACRAMENTO,95825,1,484,Condo,Mon May 19 00:00:00 EDT 2008,48000
261 REDONDO AVE,SACRAMENTO,95815,3,970,Residential,Mon May 19 00:00:00 EDT 2008,61500
4030 BROADWAY,SACRAMENTO,95817,2,623,Residential,Mon May 19 00:00:00 EDT 2008,62050
3660 22ND AVE,SACRAMENTO,95820,2,932,Residential,Mon May 19 00:00:00 EDT 2008,65000
3924 HIGH ST,SACRAMENTO,95838,2,796,Residential,Mon May 19 00:00:00 EDT 2008,65000
4734 14TH AVE,SACRAMENTO,95820,2,834,Residential,Mon May 19 00:00:00 EDT 2008,68000
4734 14TH AVE,SACRAMENTO,95820,2,834,Residential,Mon May 19 00:00:00 EDT 2008,68000
5050 RHODE ISLAND DR Unit 4,SACRAMENTO,95841,2,924,Condo,Mon May 19 00:00:00 EDT 2008,77000
4513 GREENHOLME DR,SACRAMENTO,95842,2,795,Condo,Mon May 19 00:00:00 EDT 2008,82732
3845 ELM ST,SACRAMENTO,95838,3,1250,Residential,Mon May 19 00:00:00 EDT 2008,84000
3908 17TH AVE,SACRAMENTO,95820,2,984,Residential,Mon May 19 00:00:00 EDT 2008,84675
7109 CHANDLER DR,SACRAMENTO,95828,3,1013,Residential,Mon May 19 00:00:00 EDT 2008,85000
7541 SKELTON WAY,SACRAMENTO,95822,3,1012,Residential,Mon May 19 00:00:00 EDT 2008,90000
9058 MONTOYA ST,SACRAMENTO,95826,2,795,Condo,Mon May 19 00:00:00 EDT 2008,90000
1016 CONGRESS AVE,SACRAMENTO,95838,2,918,Residential,Mon May 19 00:00:00 EDT 2008,91000
540 MORRISON AVE,SACRAMENTO,95838,3,1082,Residential,Mon May 19 00:00:00 EDT 2008,95000
5303 JERRETT WAY,SACRAMENTO,95842,2,964,Residential,Mon May 19 00:00:00 EDT 2008,97500
2820 DEL PASO BLVD,SACRAMENTO,95815,4,1404,Multi-Family,Mon May 19 00:00:00 EDT 2008,100000
3715 TALLYHO DR Unit 78HIGH,SACRAMENTO,95826,1,625,Condo,Mon May 19 00:00:00 EDT 2008,100000
6013 ROWAN WAY,CITRUS HEIGHTS,95621,2,888,Residential,Mon May 19 00:00:00 EDT 2008,101000
2987 PONDEROSA LN,SACRAMENTO,95815,4,1120,Residential,Mon May 19 00:00:00 EDT 2008,102750
3732 LANKERSHIM WAY,NORTH HIGHLANDS,95660,3,1331,Residential,Mon May 19 00:00:00 EDT 2008,112500
2216 DUNLAP DR,SACRAMENTO,95821,3,1014,Residential,Mon May 19 00:00:00 EDT 2008,113000
3503 21ST AVE,SACRAMENTO,95820,4,1448,Residential,Mon May 19 00:00:00 EDT 2008,114000
523 EXCHANGE ST,SACRAMENTO,95838,3,966,Residential,Mon May 19 00:00:00 EDT 2008,114000
8101 PORT ROYALE WAY,SACRAMENTO,95823,2,779,Residential,Mon May 19 00:00:00 EDT 2008,114750
8020 WALERGA RD,ANTELOPE,95843,2,836,Condo,Mon May 19 00:00:00 EDT 2008,115000
167 VALLEY OAK DR,ROSEVILLE,95678,2,1100,Condo,Mon May 19 00:00:00 EDT 2008,115000
7876 BURLINGTON WAY,SACRAMENTO,95832,3,1174,Residential,Mon May 19 00:00:00 EDT 2008,116100
3726 JONKO AVE,NORTH HIGHLANDS,95660,3,1207,Residential,Mon May 19 00:00:00 EDT 2008,119250
7342 GIGI PL,SACRAMENTO,95828,4,1995,Multi-Family,Mon May 19 00:00:00 EDT 2008,120000
2610 PHYLLIS AVE,SACRAMENTO,95820,2,804,Residential,Mon May 19 00:00:00 EDT 2008,120000
4200 COMMERCE WAY Unit 711,SACRAMENTO,95834,2,958,Condo,Mon May 19 00:00:00 EDT 2008,120000
4621 COUNTRY SCENE WAY,SACRAMENTO,95823,3,1366,Residential,Mon May 19 00:00:00 EDT 2008,120108
5380 VILLAGE WOOD DR,SACRAMENTO,95823,2,901,Residential,Mon May 19 00:00:00 EDT 2008,121500
2621 EVERGREEN ST,SACRAMENTO,95815,3,696,Residential,Mon May 19 00:00:00 EDT 2008,121725
201 CARLO CT,GALT,95632,3,1080,Residential,Mon May 19 00:00:00 EDT 2008,122000
6743 21ST ST,SACRAMENTO,95822,3,1104,Residential,Mon May 19 00:00:00 EDT 2008,123000
3128 VIA GRANDE,SACRAMENTO,95825,2,972,Residential,Mon May 19 00:00:00 EDT 2008,125000
2847 BELGRADE WAY,SACRAMENTO,95833,4,1390,Residential,Mon May 19 00:00:00 EDT 2008,125573
7741 MILLDALE CIR,ELVERTA,95626,4,1354,Residential,Mon May 19 00:00:00 EDT 2008,126714
9013 CASALS ST,SACRAMENTO,95826,2,795,Condo,Mon May 19 00:00:00 EDT 2008,126960
227 MAHAN CT Unit 1,ROSEVILLE,95678,2,780,Condo,Mon May 19 00:00:00 EDT 2008,127000
7349 FLETCHER FARM DR,SACRAMENTO,95828,4,1587,Residential,Mon May 19 00:00:00 EDT 2008,127500
7226 LARCHMONT DR,NORTH HIGHLANDS,95660,3,1209,Residential,Mon May 19 00:00:00 EDT 2008,130000
4114 35TH AVE,SACRAMENTO,95824,2,1139,Residential,Mon May 19 00:00:00 EDT 2008,133105
617 M ST,RIO LINDA,95673,2,1690,Residential,Mon May 19 00:00:00 EDT 2008,136500
7032 FAIR OAKS BLVD,CARMICHAEL,95608,3,1245,Condo,Mon May 19 00:00:00 EDT 2008,139500
2421 SANTINA WAY,ELVERTA,95626,3,1416,Residential,Mon May 19 00:00:00 EDT 2008,140000
2368 CRAIG AVE,SACRAMENTO,95832,3,1300,Residential,Mon May 19 00:00:00 EDT 2008,140800
2123 AMANDA WAY,SACRAMENTO,95822,3,1120,Residential,Mon May 19 00:00:00 EDT 2008,145000
7620 DARLA WAY,SACRAMENTO,95828,4,1590,Residential,Mon May 19 00:00:00 EDT 2008,147000
8344 FIELDPOPPY CIR,SACRAMENTO,95828,3,1407,Residential,Mon May 19 00:00:00 EDT 2008,149600
3624 20TH AVE,SACRAMENTO,95820,5,1516,Residential,Mon May 19 00:00:00 EDT 2008,150000
10001 WOODCREEK OAKS BLVD Unit 1415,ROSEVILLE,95747,2,0,Condo,Mon May 19 00:00:00 EDT 2008,150000
2848 PROVO WAY,SACRAMENTO,95822,3,1646,Residential,Mon May 19 00:00:00 EDT 2008,150000
6045 EHRHARDT AVE,SACRAMENTO,95823,3,1676,Residential,Mon May 19 00:00:00 EDT 2008,155000
1223 LAMBERTON CIR,SACRAMENTO,95838,3,1370,Residential,Mon May 19 00:00:00 EDT 2008,155435
1223 LAMBERTON CIR,SACRAMENTO,95838,3,1370,Residential,Mon May 19 00:00:00 EDT 2008,155500
6000 BIRCHGLADE WAY,CITRUS HEIGHTS,95621,4,1351,Residential,Mon May 19 00:00:00 EDT 2008,158000
7204 THOMAS DR,NORTH HIGHLANDS,95660,3,1152,Residential,Mon May 19 00:00:00 EDT 2008,158000
8363 LANGTREE WAY,SACRAMENTO,95823,3,1452,Residential,Mon May 19 00:00:00 EDT 2008,160000
1675 VERNON ST Unit 8,ROSEVILLE,95678,2,990,Residential,,160000
6632 IBEX WOODS CT,CITRUS HEIGHTS,95621,2,1162,Residential,Mon May 19 00:00:00 EDT 2008,164000
117 EVCAR WAY,RIO LINDA,95673,3,1182,Residential,Mon May 19 00:00:00 EDT 2008,164000
6485 LAGUNA MIRAGE LN,ELK GROVE,95758,2,1112,Residential,,165000
746 MOOSE CREEK WAY,GALT,95632,3,1100,Residential,Mon May 19 00:00:00 EDT 2008,167000
8306 CURLEW CT,CITRUS HEIGHTS,95621,4,1280,Residential,Mon May 19 00:00:00 EDT 2008,167293
8306 CURLEW CT,CITRUS HEIGHTS,95621,4,1280,Residential,Mon May 19 00:00:00 EDT 2008,167293
5217 ARGO WAY,SACRAMENTO,95820,3,1039,Residential,Mon May 19 00:00:00 EDT 2008,168000
7108 HEATHER TREE DR,SACRAMENTO,95842,3,1159,Residential,Mon May 19 00:00:00 EDT 2008,170000
2956 DAVENPORT WAY,SACRAMENTO,95833,4,1917,Residential,Mon May 19 00:00:00 EDT 2008,170000
10062 LINCOLN VILLAGE DR,SACRAMENTO,95827,3,1520,Residential,Mon May 19 00:00:00 EDT 2008,170000
332 PALIN AVE,GALT,95632,3,1204,Residential,Mon May 19 00:00:00 EDT 2008,174000
4649 FREEWAY CIR,SACRAMENTO,95841,3,1120,Residential,Mon May 19 00:00:00 EDT 2008,178000
8593 DERLIN WAY,SACRAMENTO,95823,3,1436,Residential,Mon May 19 00:00:00 EDT 2008,180000
9273 PREMIER WAY,SACRAMENTO,95826,3,1451,Residential,Mon May 19 00:00:00 EDT 2008,180000
8032 DUSENBERG CT,SACRAMENTO,95828,4,1638,Residential,Mon May 19 00:00:00 EDT 2008,180000
7110 STELLA LN Unit 15,CARMICHAEL,95608,2,1000,Condo,Mon May 19 00:00:00 EDT 2008,182000
1786 PIEDMONT WAY,ROSEVILLE,95661,3,1152,Residential,Mon May 19 00:00:00 EDT 2008,188325
1347 HIDALGO CIR,ROSEVILLE,95747,3,1154,Residential,Mon May 19 00:00:00 EDT 2008,191500
212 CAPPUCINO WAY,SACRAMENTO,95838,3,1353,Residential,Mon May 19 00:00:00 EDT 2008,192000
5938 WOODBRIAR WAY,CITRUS HEIGHTS,95621,3,1329,Residential,Mon May 19 00:00:00 EDT 2008,192700
3801 WILDROSE WAY,SACRAMENTO,95826,3,1356,Residential,Mon May 19 00:00:00 EDT 2008,195000
508 SAMUEL WAY,SACRAMENTO,95838,3,1505,Residential,Mon May 19 00:00:00 EDT 2008,197654
6128 CARL SANDBURG CIR,SACRAMENTO,95842,3,1009,Residential,Mon May 19 00:00:00 EDT 2008,198000
1 KENNELFORD CIR,SACRAMENTO,95823,3,1144,Residential,Mon May 19 00:00:00 EDT 2008,200345
909 SINGINGWOOD RD,SACRAMENTO,95864,2,930,Residential,Mon May 19 00:00:00 EDT 2008,203000
6671 FOXWOOD CT,SACRAMENTO,95841,4,1766,Residential,Mon May 19 00:00:00 EDT 2008,207000
8165 AYN RAND CT,SACRAMENTO,95828,4,1940,Residential,Mon May 19 00:00:00 EDT 2008,208000
9474 VILLAGE TREE DR,ELK GROVE,95758,4,1776,Residential,Mon May 19 00:00:00 EDT 2008,210000
7213 CALVIN DR,CITRUS HEIGHTS,95621,3,1258,Residential,Mon May 19 00:00:00 EDT 2008,212000
8167 DERBY PARK CT,SACRAMENTO,95828,4,1872,Residential,,213675
6344 LAGUNA MIRAGE LN,ELK GROVE,95758,2,1112,Residential,Mon May 19 00:00:00 EDT 2008,213697
2945 RED HAWK WAY,SACRAMENTO,95833,4,1856,Residential,Mon May 19 00:00:00 EDT 2008,215000
3228 I ST,SACRAMENTO,95816,4,1939,Residential,Mon May 19 00:00:00 EDT 2008,215000
308 ATKINSON ST,ROSEVILLE,95678,3,998,Residential,Mon May 19 00:00:00 EDT 2008,215100
624 HOVEY WAY,ROSEVILLE,95678,3,1758,Residential,Mon May 19 00:00:00 EDT 2008,217500
110 COPPER LEAF WAY,SACRAMENTO,95838,3,2142,Residential,Mon May 19 00:00:00 EDT 2008,218000
7535 ALMA VISTA WAY,SACRAMENTO,95831,2,950,Residential,Mon May 19 00:00:00 EDT 2008,220000
7423 WILSALL CT,ELK GROVE,95758,4,1739,Residential,Mon May 19 00:00:00 EDT 2008,221000
8629 VIA ALTA WAY,ELK GROVE,95624,3,1516,Residential,Mon May 19 00:00:00 EDT 2008,222900
3318 DAVIDSON DR,ANTELOPE,95843,3,988,Residential,,223139
913 COBDEN CT,GALT,95632,4,1555,Residential,Mon May 19 00:00:00 EDT 2008,225500
4419 79TH ST,SACRAMENTO,95820,3,1212,Residential,Mon May 19 00:00:00 EDT 2008,228327
3012 SPOONWOOD WAY,SACRAMENTO,95833,4,1871,Residential,Mon May 19 00:00:00 EDT 2008,230000
8728 CRYSTAL RIVER WAY,SACRAMENTO,95828,3,1302,Residential,Mon May 19 00:00:00 EDT 2008,230000
4709 AMBER LN Unit 1,SACRAMENTO,95841,2,756,Condo,Mon May 19 00:00:00 EDT 2008,230522
4508 OLD DAIRY DR,ANTELOPE,95843,4,2026,Residential,Mon May 19 00:00:00 EDT 2008,231200
312 RIVER ISLE WAY,SACRAMENTO,95831,3,1375,Residential,Mon May 19 00:00:00 EDT 2008,232000
301 OLIVADI WAY,SACRAMENTO,95834,2,1250,Condo,Mon May 19 00:00:00 EDT 2008,232500
5636 25TH ST,SACRAMENTO,95822,3,1058,Residential,Mon May 19 00:00:00 EDT 2008,233641
8721 SPRUCE RIDGE WAY,ANTELOPE,95843,3,1187,Residential,Mon May 19 00:00:00 EDT 2008,234000
7461 WINDBRIDGE DR,SACRAMENTO,95831,2,1324,Residential,Mon May 19 00:00:00 EDT 2008,234500
8101 LEMON COVE CT,SACRAMENTO,95828,4,1936,Residential,Mon May 19 00:00:00 EDT 2008,235000
10949 SCOTSMAN WAY,RANCHO CORDOVA,95670,5,2382,Multi-Family,Mon May 19 00:00:00 EDT 2008,236000
617 WILLOW CREEK DR,FOLSOM,95630,3,1427,Residential,Mon May 19 00:00:00 EDT 2008,236073
3301 PARK DR Unit 1914,SACRAMENTO,95835,3,1678,Condo,Mon May 19 00:00:00 EDT 2008,238000
709 CIMMARON CT,GALT,95632,4,1798,Residential,Mon May 19 00:00:00 EDT 2008,238861
3305 RIO ROCA CT,ANTELOPE,95843,4,2652,Residential,Mon May 19 00:00:00 EDT 2008,239700
9080 BEDROCK CT,SACRAMENTO,95829,4,1816,Residential,Mon May 19 00:00:00 EDT 2008,240000
100 TOURMALINE CIR,SACRAMENTO,95834,5,3076,Residential,Mon May 19 00:00:00 EDT 2008,240000
6411 RED BIRCH WAY,ELK GROVE,95758,4,1844,Residential,Mon May 19 00:00:00 EDT 2008,241000
4867 LAGUNA DR,SACRAMENTO,95823,3,1306,Residential,Mon May 19 00:00:00 EDT 2008,245000
3662 RIVER DR,SACRAMENTO,95833,4,2447,Residential,Mon May 19 00:00:00 EDT 2008,246000
6943 WOLFGRAM WAY,SACRAMENTO,95828,4,1176,Residential,Mon May 19 00:00:00 EDT 2008,247234
77 RINETTI WAY,RIO LINDA,95673,4,1182,Residential,Mon May 19 00:00:00 EDT 2008,247480
1316 I ST,RIO LINDA,95673,3,1160,Residential,Mon May 19 00:00:00 EDT 2008,249862
2130 CATHERWOOD WAY,SACRAMENTO,95835,3,1424,Residential,Mon May 19 00:00:00 EDT 2008,251000
8304 JUGLANS DR,ORANGEVALE,95662,4,1574,Residential,Mon May 19 00:00:00 EDT 2008,252155
5308 MARBURY WAY,ANTELOPE,95843,3,1830,Residential,Mon May 19 00:00:00 EDT 2008,254172
9182 LAKEMONT DR,ELK GROVE,95624,4,1724,Residential,Mon May 19 00:00:00 EDT 2008,258000
2231 COUNTRY VILLA CT,AUBURN,95603,2,1255,Condo,Mon May 19 00:00:00 EDT 2008,260000
8491 CRYSTAL WALK CIR,ELK GROVE,95758,0,0,Residential,Mon May 19 00:00:00 EDT 2008,261000
361 MAHONIA CIR,SACRAMENTO,95835,4,2175,Residential,Mon May 19 00:00:00 EDT 2008,261000
3427 LA CADENA WAY,SACRAMENTO,95835,4,1904,Residential,Mon May 19 00:00:00 EDT 2008,261000
955 BIG SUR CT,EL DORADO HILLS,95762,4,1808,Residential,Mon May 19 00:00:00 EDT 2008,262500
11826 DIONYSUS WAY,RANCHO CORDOVA,95742,4,2711,Residential,Mon May 19 00:00:00 EDT 2008,266000
5847 DEL CAMPO LN,CARMICHAEL,95608,3,1713,Residential,Mon May 19 00:00:00 EDT 2008,266000
5635 FOXVIEW WAY,ELK GROVE,95757,3,1457,Residential,Mon May 19 00:00:00 EDT 2008,270000
10372 VIA CINTA CT,ELK GROVE,95757,4,2724,Residential,Mon May 19 00:00:00 EDT 2008,274425
6286 LONETREE BLVD,ROCKLIN,95765,0,0,Residential,Mon May 19 00:00:00 EDT 2008,274500
7744 SOUTHBREEZE DR,SACRAMENTO,95828,3,1468,Residential,Mon May 19 00:00:00 EDT 2008,275336
2242 ABLE WAY,SACRAMENTO,95835,4,2550,Residential,Mon May 19 00:00:00 EDT 2008,277980
1042 STARBROOK DR,GALT,95632,4,1928,Residential,Mon May 19 00:00:00 EDT 2008,280000
1219 G ST,SACRAMENTO,95814,3,1922,Residential,Mon May 19 00:00:00 EDT 2008,284686
6220 OPUS CT,CITRUS HEIGHTS,95621,3,1343,Residential,Mon May 19 00:00:00 EDT 2008,284893
5419 HAVENHURST CIR,ROCKLIN,95677,3,1510,Residential,Mon May 19 00:00:00 EDT 2008,285000
220 OLD AIRPORT RD,AUBURN,95603,2,960,Multi-Family,Mon May 19 00:00:00 EDT 2008,285000
4622 MEYER WAY,CARMICHAEL,95608,4,1559,Residential,Mon May 19 00:00:00 EDT 2008,285000
4885 SUMMIT VIEW DR,EL DORADO,95623,3,1624,Residential,Mon May 19 00:00:00 EDT 2008,289000
26 JEANROSS CT,SACRAMENTO,95832,5,2992,Residential,Mon May 19 00:00:00 EDT 2008,295000
4800 MAPLEPLAIN AVE,ELK GROVE,95758,4,2109,Residential,Mon May 19 00:00:00 EDT 2008,296000
10629 BASIE WAY,RANCHO CORDOVA,95670,4,1524,Residential,Mon May 19 00:00:00 EDT 2008,296056
8612 WILLOW GROVE WAY,SACRAMENTO,95828,3,1248,Residential,Mon May 19 00:00:00 EDT 2008,297359
62 DE FER CIR,SACRAMENTO,95823,4,1876,Residential,Mon May 19 00:00:00 EDT 2008,299940
2513 OLD KENMARE RD,LINCOLN,95648,5,0,Residential,Mon May 19 00:00:00 EDT 2008,304000
3253 ABOTO WAY,RANCHO CORDOVA,95670,4,1851,Residential,Mon May 19 00:00:00 EDT 2008,305000
3072 VILLAGE PLAZA DR,ROSEVILLE,95747,0,0,Residential,Mon May 19 00:00:00 EDT 2008,307000
251 CHANGO CIR,SACRAMENTO,95835,4,2218,Residential,Mon May 19 00:00:00 EDT 2008,311328
8205 WEYBURN CT,SACRAMENTO,95828,3,1394,Residential,Mon May 19 00:00:00 EDT 2008,313138
8788 LA MARGARITA WAY,SACRAMENTO,95828,3,1410,Residential,Mon May 19 00:00:00 EDT 2008,316630
5912 DEEPDALE WAY,ELK GROVE,95758,5,3468,Residential,Mon May 19 00:00:00 EDT 2008,320000
4712 PISMO BEACH DR,ANTELOPE,95843,5,2346,Residential,Mon May 19 00:00:00 EDT 2008,320000
